Grey,Dodge,RAM,2019,Diesel,Truck,1N4AL3AP5DC227543
Red,Ford,Fusion,2018,Gas,Car,5NPEB4AC3DH767222
White,Mazda,Mazda6,2017,Gas,Car,5FRYD4H41EB014583
Blue,Toyota,Camry,2017,Gas,Car,4S4BP61C997324855
Orange,BMW,i5,2018,Diesel,Car,1C4PJLCS6EW295376
Purple,Subaru,Legacy,2019,Gas,Car,1N4AL3AP5DC227544
Black,Dodge,Charger,2019,Gas,Car,5NPEB4AC3DH767223
Grey,Ford,F150,2018,Gas,Truck,5FRYD4H41EB014584
Red,Mazda,Mazda3,2017,Gas,Car,4S4BP61C997324856
White,Toyota,Tacoma,2017,Gas,Truck,1C4PJLCS6EW295377
Blue,BMW,i9,2018,Gas,Car,1N4AL3AP5DC227545
Orange,Subaru,Outback,2019,Gas,SUV,5NPEB4AC3DH767224
Purple,Dodge,RAM,2019,Gas,Truck,5FRYD4H41EB014585
Black,Ford,Fusion,2018,Diesel,Car,4S4BP61C997324857
Grey,Mazda,Mazda6,2017,Gas,Car,1C4PJLCS6EW295378
Red,Toyota,Camry,2017,Gas,Car,1N4AL3AP5DC227546
White,BMW,i5,2018,Gas,Car,5NPEB4AC3DH767225
Blue,Subaru,Legacy,2019,Gas,Car,5FRYD4H41EB014586
Orange,Dodge,Charger,2019,Diesel,Car,4S4BP61C997324858
Purple,Ford,F150,2018,Diesel,Truck,1C4PJLCS6EW295379
Black,Mazda,Mazda3,2017,Gas,Car,1N4AL3AP5DC227547
Grey,Toyota,Tacoma,2017,Diesel,Truck,5NPEB4AC3DH767226
Red,BMW,i9,2018,Gas,Car,5FRYD4H41EB014587
White,Subaru,Outback,2019,Gas,SUV,4S4BP61C997324859
Blue,Dodge,RAM,2019,Diesel,Truck,1C4PJLCS6EW295380
Orange,Ford,Fusion,2018,Gas,Car,1N4AL3AP5DC227548
Purple,Mazda,Mazda6,2017,Gas,Car,5NPEB4AC3DH767227
Black,Toyota,Camry,2017,Gas,Car,5FRYD4H41EB014588
Grey,BMW,i5,2018,Diesel,Car,4S4BP61C997324860
Red,Subaru,Legacy,2019,Gas,Car,1C4PJLCS6EW295381
White,Dodge,Charger,2019,Gas,Car,1N4AL3AP5DC227549
Blue,Ford,F150,2018,Gas,Truck,5NPEB4AC3DH767228
Orange,Mazda,Mazda3,2017,Gas,Car,5FRYD4H41EB014589
Purple,Toyota,Tacoma,2017,Gas,Truck,4S4BP61C997324861
Black,BMW,i9,2018,Gas,Car,1C4PJLCS6EW295382
Grey,Subaru,Outback,2019,Gas,SUV,1N4AL3AP5DC227550
Red,Dodge,RAM,2019,Gas,Truck,5NPEB4AC3DH767229
White,Ford,Fusion,2018,Diesel,Car,5FRYD4H41EB014590
Blue,Mazda,Mazda6,2017,Gas,Car,4S4BP61C997324862
Orange,Toyota,Camry,2017,Gas,Car,1C4PJLCS6EW295383
Purple,BMW,i5,2018,Gas,Car,1N4AL3AP5DC227551
Black,Subaru,Legacy,2019,Gas,Car,5NPEB4AC3DH767230
Grey,Dodge,Charger,2019,Diesel,Car,5FRYD4H41EB014591
Red,Ford,F150,2018,Diesel,Truck,4S4BP61C997324863
White,Mazda,Mazda3,2017,Gas,Car,1C4PJLCS6EW295384
Blue,Toyota,Tacoma,2017,Diesel,Truck,1N4AL3AP5DC227552
Orange,BMW,i9,2018,Gas,Car,5NPEB4AC3DH767231
Purple,Subaru,Outback,2019,Gas,SUV,5FRYD4H41EB014592
Black,Dodge,RAM,2019,Diesel,Truck,4S4BP61C997324864
Grey,Ford,Fusion,2018,Gas,Car,1C4PJLCS6EW295385
Red,Mazda,Mazda6,2017,Gas,Car,1N4AL3AP5DC227553
White,Toyota,Camry,2017,Gas,Car,5NPEB4AC3DH767232
Blue,BMW,i5,2018,Diesel,Car,5FRYD4H41EB014593
Orange,Subaru,Legacy,2019,Gas,Car,4S4BP61C997324865
Purple,Dodge,Charger,2019,Gas,Car,1C4PJLCS6EW295386
Black,Ford,F150,2018,Gas,Truck,1N4AL3AP5DC227554
Grey,Mazda,Mazda3,2017,Gas,Car,5NPEB4AC3DH767233
Red,Toyota,Tacoma,2017,Gas,Truck,5FRYD4H41EB014594
White,BMW,i9,2018,Gas,Car,4S4BP61C997324866
Blue,Subaru,Outback,2019,Gas,SUV,1C4PJLCS6EW295387
Orange,Dodge,RAM,2019,Gas,Truck,1N4AL3AP5DC227555
Purple,Ford,Fusion,2018,Diesel,Car,5NPEB4AC3DH767234
Black,Mazda,Mazda6,2017,Gas,Car,5FRYD4H41EB014595
Grey,Toyota,Camry,2017,Gas,Car,4S4BP61C997324867
Red,BMW,i5,2018,Gas,Car,1C4PJLCS6EW295388
White,Subaru,Legacy,2019,Gas,Car,1N4AL3AP5DC227556
Blue,Dodge,Charger,2019,Diesel,Car,5NPEB4AC3DH767235
Orange,Ford,F150,2018,Diesel,Truck,5FRYD4H41EB014596
Purple,Mazda,Mazda3,2017,Gas,Car,4S4BP61C997324868
Black,Toyota,Tacoma,2017,Diesel,Truck,1C4PJLCS6EW295389
Grey,BMW,i9,2018,Gas,Car,1N4AL3AP5DC227557
Red,Subaru,Outback,2019,Gas,SUV,5NPEB4AC3DH767236
White,Dodge,RAM,2019,Diesel,Truck,5FRYD4H41EB014597
Blue,Ford,Fusion,2018,Gas,Car,4S4BP61C997324869
Orange,Mazda,Mazda6,2017,Gas,Car,1C4PJLCS6EW295390
Purple,Toyota,Camry,2017,Gas,Car,1N4AL3AP5DC227558
Black,BMW,i5,2018,Diesel,Car,5NPEB4AC3DH767237
Grey,Subaru,Legacy,2019,Gas,Car,5FRYD4H41EB014598
Red,Dodge,Charger,2019,Gas,Car,4S4BP61C997324870
White,Ford,F150,2018,Gas,Truck,1C4PJLCS6EW295391
Blue,Mazda,Mazda3,2017,Gas,Car,1N4AL3AP5DC227559
Orange,Toyota,Tacoma,2017,Gas,Truck,5NPEB4AC3DH767238
Purple,BMW,i9,2018,Gas,Car,5FRYD4H41EB014599
Black,Subaru,Outback,2019,Gas,SUV,4S4BP61C997324871
Grey,Dodge,RAM,2019,Gas,Truck,1C4PJLCS6EW295392
Red,Ford,Fusion,2018,Diesel,Car,1N4AL3AP5DC227560
White,Mazda,Mazda6,2017,Gas,Car,5NPEB4AC3DH767239
Blue,Toyota,Camry,2017,Gas,Car,5FRYD4H41EB014600
Orange,BMW,i5,2018,Gas,Car,4S4BP61C997324872
Purple,Subaru,Legacy,2019,Gas,Car,1C4PJLCS6EW295393
Black,Dodge,Charger,2019,Diesel,Car,1N4AL3AP5DC227561
Grey,Ford,F150,2018,Diesel,Truck,5NPEB4AC3DH767240
Red,Mazda,Mazda3,2017,Gas,Car,5FRYD4H41EB014601
White,Toyota,Tacoma,2017,Diesel,Truck,4S4BP61C997324873
Blue,BMW,i9,2018,Gas,Car,1C4PJLCS6EW295394
Orange,Subaru,Outback,2019,Gas,SUV,1N4AL3AP5DC227562
Purple,Dodge,RAM,2019,Diesel,Truck,5NPEB4AC3DH767241
Black,Ford,Fusion,2018,Gas,Car,5FRYD4H41EB014602
Grey,Mazda,Mazda6,2017,Gas,Car,4S4BP61C997324874
